Teams,AvAge,GP,W,L,OL,PTS,PTS.,GF,GA,SOW,SOL,SRS,SOS,TGpG,EVGF,EVGA,PP,PPO,PP.,PPA,PPOA,PK.,SH,SHA,PIMpG,oPIMpG,S,S.,SA,SV.,SO,EVS.,EVSV.,EVPDO,EVCF,EVCA,EVCF.,EVFF,EVFA,EVFF.,EVxGF,EVxGA,EVaGF,EVaGA,EVaxDiff,EVSCF,EVSCA,EVSCF.,EVHDF,EVHDA,EVHDF.,EVHDGF,EVHDC.,EVHDGA,EVHDCO.,Year
Boston Bruins*,27.6,82,54,19,9,117,0.713,258,171,3,6,0.92,-0.11,5.23,199,122,50,230,21.74,43,263,83.65,9,6,10.8,10.1,2612,9.9,2385,0.928,9,NA,NA,NA,NA,NA,NA,NA,NA,NA,NA,NA,NA,NA,NA,NA,NA,NA,NA,NA,NA,NA,NA,NA,NA,2014
Anaheim Ducks*,27.7,82,54,20,8,116,0.707,263,203,3,6,0.68,-0.01,5.68,209,147,44,275,16,48,270,82.22,10,8,10.9,12.6,2569,10.2,2353,0.914,6,NA,NA,NA,NA,NA,NA,NA,NA,NA,NA,NA,NA,NA,NA,NA,NA,NA,NA,NA,NA,NA,NA,NA,NA,2014
Colorado Avalanche*,26.9,82,52,22,8,112,0.683,245,216,5,4,0.4,0.04,5.62,192,167,50,252,19.84,48,249,80.72,3,1,10.9,10.5,2420,10.1,2678,0.919,4,NA,NA,NA,NA,NA,NA,NA,NA,NA,NA,NA,NA,NA,NA,NA,NA,NA,NA,NA,NA,NA,NA,NA,NA,2014
St. Louis Blues*,27.4,82,52,23,7,111,0.677,239,188,9,3,0.71,0.01,5.21,177,140,56,283,19.79,42,293,85.67,6,6,14.2,14.2,2402,10,2163,0.913,9,NA,NA,NA,NA,NA,NA,NA,NA,NA,NA,NA,NA,NA,NA,NA,NA,NA,NA,NA,NA,NA,NA,NA,NA,2014
San Jose Sharks*,28.7,82,51,22,9,111,0.677,239,193,10,7,0.6,0,5.27,181,154,50,291,17.18,33,219,84.93,8,6,9,11.2,2851,8.4,2281,0.915,6,NA,NA,NA,NA,NA,NA,NA,NA,NA,NA,NA,NA,NA,NA,NA,NA,NA,NA,NA,NA,NA,NA,NA,NA,2014
Pittsburgh Penguins*,28.3,82,51,24,7,109,0.665,242,204,7,3,0.47,-0.04,5.44,173,160,65,278,23.38,38,254,85.04,4,6,10.1,10.9,2454,9.9,2358,0.913,6,NA,NA,NA,NA,NA,NA,NA,NA,NA,NA,NA,NA,NA,NA,NA,NA,NA,NA,NA,NA,NA,NA,NA,NA,2014
Chicago Blackhawks*,27.5,82,46,21,15,107,0.652,261,212,6,8,0.6,0.02,5.77,202,160,50,257,19.46,46,248,81.45,9,6,8.5,8.7,2715,9.6,2229,0.905,3,NA,NA,NA,NA,NA,NA,NA,NA,NA,NA,NA,NA,NA,NA,NA,NA,NA,NA,NA,NA,NA,NA,NA,NA,2014
Tampa Bay Lightning*,27.1,82,46,27,9,101,0.616,232,209,8,6,0.25,-0.06,5.38,172,149,50,270,18.52,52,270,80.74,10,8,10.3,10.2,2446,9.5,2397,0.913,7,NA,NA,NA,NA,NA,NA,NA,NA,NA,NA,NA,NA,NA,NA,NA,NA,NA,NA,NA,NA,NA,NA,NA,NA,2014
Los Angeles Kings*,27.4,82,46,28,8,100,0.61,198,168,8,6,0.4,0.01,4.46,150,112,43,284,15.14,50,296,83.11,5,6,10.7,11.1,2595,7.6,2148,0.922,13,NA,NA,NA,NA,NA,NA,NA,NA,NA,NA,NA,NA,NA,NA,NA,NA,NA,NA,NA,NA,NA,NA,NA,NA,2014
Montreal Canadiens*,28.3,82,46,28,8,100,0.61,209,201,6,3,0.08,-0.05,5,155,150,48,279,17.2,43,289,85.12,6,8,13,12.8,2330,9,2541,0.921,8,NA,NA,NA,NA,NA,NA,NA,NA,NA,NA,NA,NA,NA,NA,NA,NA,NA,NA,NA,NA,NA,NA,NA,NA,2014
Minnesota Wild*,27.2,82,43,27,12,98,0.598,199,198,8,8,0.07,0.05,4.84,150,137,45,252,17.86,53,250,78.8,4,8,9.5,9.9,2180,9.1,2273,0.913,8,NA,NA,NA,NA,NA,NA,NA,NA,NA,NA,NA,NA,NA,NA,NA,NA,NA,NA,NA,NA,NA,NA,NA,NA,2014
New York Rangers*,27.4,82,45,31,6,96,0.585,214,190,4,3,0.26,-0.04,4.93,156,149,48,264,18.18,34,232,85.34,10,7,10,10.4,2719,7.9,2412,0.921,8,NA,NA,NA,NA,NA,NA,NA,NA,NA,NA,NA,NA,NA,NA,NA,NA,NA,NA,NA,NA,NA,NA,NA,NA,2014
Philadelphia Flyers*,27.7,82,42,30,10,94,0.573,233,227,3,8,-0.01,-0.02,5.61,167,168,58,294,19.73,48,316,84.81,8,11,14.2,13.4,2490,9.4,2508,0.909,6,NA,NA,NA,NA,NA,NA,NA,NA,NA,NA,NA,NA,NA,NA,NA,NA,NA,NA,NA,NA,NA,NA,NA,NA,2014
Columbus Blue Jackets*,26.1,82,43,32,7,93,0.567,226,214,5,2,0.16,-0.03,5.37,163,156,54,280,19.29,50,280,82.14,9,8,11.1,11,2431,9.3,2524,0.915,8,NA,NA,NA,NA,NA,NA,NA,NA,NA,NA,NA,NA,NA,NA,NA,NA,NA,NA,NA,NA,NA,NA,NA,NA,2014
Detroit Red Wings*,28.6,82,39,28,15,93,0.567,217,221,5,9,-0.14,-0.04,5.34,164,166,50,282,17.73,50,295,83.05,3,5,8.8,8.6,2456,8.8,2400,0.908,5,NA,NA,NA,NA,NA,NA,NA,NA,NA,NA,NA,NA,NA,NA,NA,NA,NA,NA,NA,NA,NA,NA,NA,NA,2014
Dallas Stars*,28.2,82,40,31,11,91,0.555,231,223,4,5,0.14,0.05,5.54,177,169,46,290,15.86,49,263,81.37,8,5,11,11.6,2597,8.9,2492,0.911,6,NA,NA,NA,NA,NA,NA,NA,NA,NA,NA,NA,NA,NA,NA,NA,NA,NA,NA,NA,NA,NA,NA,NA,NA,2014
Washington Capitals,26.5,82,38,30,14,90,0.549,225,229,10,11,-0.08,-0.02,5.54,152,168,68,291,23.37,51,284,82.04,5,10,11.6,12.2,2412,9.3,2750,0.917,5,NA,NA,NA,NA,NA,NA,NA,NA,NA,NA,NA,NA,NA,NA,NA,NA,NA,NA,NA,NA,NA,NA,NA,NA,2014
Phoenix Coyotes,28.7,82,37,30,15,89,0.543,210,224,6,7,-0.16,0.03,5.29,151,162,56,282,19.86,57,272,79.04,3,5,9.9,9.9,2498,8.4,2540,0.912,5,NA,NA,NA,NA,NA,NA,NA,NA,NA,NA,NA,NA,NA,NA,NA,NA,NA,NA,NA,NA,NA,NA,NA,NA,2014
Ottawa Senators,26.6,82,37,31,14,88,0.537,229,258,7,7,-0.37,-0.02,5.94,174,186,50,271,18.45,61,320,80.94,5,10,13.3,12,2691,8.5,2849,0.909,5,NA,NA,NA,NA,NA,NA,NA,NA,NA,NA,NA,NA,NA,NA,NA,NA,NA,NA,NA,NA,NA,NA,NA,NA,2014
Nashville Predators,26.7,82,38,32,12,88,0.537,214,233,2,9,-0.25,0.07,5.45,166,186,46,239,19.25,47,238,80.25,2,0,9.9,9.4,2382,9,2370,0.902,5,NA,NA,NA,NA,NA,NA,NA,NA,NA,NA,NA,NA,NA,NA,NA,NA,NA,NA,NA,NA,NA,NA,NA,NA,2014
New Jersey Devils,30.6,82,35,29,18,88,0.537,197,195,0,13,-0.15,-0.02,4.78,141,155,47,241,19.5,36,264,86.36,9,4,8,8.2,2199,9,2089,0.907,6,NA,NA,NA,NA,NA,NA,NA,NA,NA,NA,NA,NA,NA,NA,NA,NA,NA,NA,NA,NA,NA,NA,NA,NA,2014
Toronto Maple Leafs,26.2,82,38,36,8,84,0.512,222,252,9,4,-0.34,-0.04,5.78,165,182,50,252,19.84,58,268,78.36,7,12,12.7,11.8,2290,9.7,2945,0.914,2,NA,NA,NA,NA,NA,NA,NA,NA,NA,NA,NA,NA,NA,NA,NA,NA,NA,NA,NA,NA,NA,NA,NA,NA,2014
Winnipeg Jets,26.3,82,37,35,10,84,0.512,219,231,8,6,-0.07,0.06,5.49,174,176,40,259,15.44,49,291,83.16,5,6,11.9,10.6,2516,8.7,2472,0.907,3,NA,NA,NA,NA,NA,NA,NA,NA,NA,NA,NA,NA,NA,NA,NA,NA,NA,NA,NA,NA,NA,NA,NA,NA,2014
Carolina Hurricanes,27,82,36,35,11,83,0.506,205,226,2,4,-0.29,-0.01,5.26,153,174,41,281,14.59,44,241,81.74,11,8,7.9,9,2561,8,2537,0.911,2,NA,NA,NA,NA,NA,NA,NA,NA,NA,NA,NA,NA,NA,NA,NA,NA,NA,NA,NA,NA,NA,NA,NA,NA,2014
Vancouver Canucks,28.6,82,36,35,11,83,0.506,191,216,5,7,-0.3,0.03,4.96,146,166,39,257,15.18,46,274,83.21,6,4,13.6,12.1,2527,7.6,2327,0.907,7,NA,NA,NA,NA,NA,NA,NA,NA,NA,NA,NA,NA,NA,NA,NA,NA,NA,NA,NA,NA,NA,NA,NA,NA,2014
New York Islanders,26.2,82,34,37,11,79,0.482,216,261,9,6,-0.51,0,5.82,159,196,49,276,17.75,58,265,78.11,8,7,12.4,11.5,2537,8.5,2464,0.894,4,NA,NA,NA,NA,NA,NA,NA,NA,NA,NA,NA,NA,NA,NA,NA,NA,NA,NA,NA,NA,NA,NA,NA,NA,2014
Calgary Flames,26.7,82,35,40,7,77,0.47,202,238,7,3,-0.35,0.04,5.37,151,188,39,249,15.66,43,235,81.7,12,7,10.5,10.6,2199,9.2,2345,0.899,2,NA,NA,NA,NA,NA,NA,NA,NA,NA,NA,NA,NA,NA,NA,NA,NA,NA,NA,NA,NA,NA,NA,NA,NA,2014
Edmonton Oilers,26.5,82,29,44,9,67,0.409,199,267,4,3,-0.75,0.07,5.68,149,204,46,271,16.97,50,280,82.14,4,13,11.8,12,2208,9,2696,0.901,4,NA,NA,NA,NA,NA,NA,NA,NA,NA,NA,NA,NA,NA,NA,NA,NA,NA,NA,NA,NA,NA,NA,NA,NA,2014
Florida Panthers,29,82,29,45,8,66,0.402,188,262,8,6,-0.87,0.01,5.49,153,193,27,269,10.04,63,262,75.95,8,6,10.3,10.9,2451,7.7,2551,0.897,1,NA,NA,NA,NA,NA,NA,NA,NA,NA,NA,NA,NA,NA,NA,NA,NA,NA,NA,NA,NA,NA,NA,NA,NA,2014
Buffalo Sabres,26.6,82,21,51,10,52,0.317,150,243,7,5,-1.09,0.02,4.79,109,187,36,256,14.06,51,274,81.39,5,5,11,10.4,2156,7,2816,0.914,0,NA,NA,NA,NA,NA,NA,NA,NA,NA,NA,NA,NA,NA,NA,NA,NA,NA,NA,NA,NA,NA,NA,NA,NA,2014
New York Rangers*,29.4,82,53,22,7,113,0.689,248,187,4,5,0.69,-0.04,5.3,200,144,39,232,16.81,37,235,84.26,9,6,8.7,8.2,2582,9.6,2418,0.923,11,NA,NA,NA,NA,NA,NA,NA,NA,NA,NA,NA,NA,NA,NA,NA,NA,NA,NA,NA,NA,NA,NA,NA,NA,2015
Montreal Canadiens*,28.4,82,50,22,10,110,0.671,214,184,7,5,0.36,-0.03,4.85,167,138,40,242,16.53,42,257,83.66,7,4,10.2,9.3,2334,9.2,2470,0.926,9,NA,NA,NA,NA,NA,NA,NA,NA,NA,NA,NA,NA,NA,NA,NA,NA,NA,NA,NA,NA,NA,NA,NA,NA,2015
Anaheim Ducks*,27,82,51,24,7,109,0.665,228,221,8,5,0.1,-0.03,5.48,182,163,37,236,15.68,52,274,81.02,9,6,10.8,9.8,2458,9.3,2367,0.907,4,NA,NA,NA,NA,NA,NA,NA,NA,NA,NA,NA,NA,NA,NA,NA,NA,NA,NA,NA,NA,NA,NA,NA,NA,2015
St. Louis Blues*,28.3,82,51,24,7,109,0.665,239,197,9,4,0.59,0.02,5.32,181,150,56,251,22.31,42,257,83.66,2,5,11,10.6,2535,9.4,2233,0.912,10,NA,NA,NA,NA,NA,NA,NA,NA,NA,NA,NA,NA,NA,NA,NA,NA,NA,NA,NA,NA,NA,NA,NA,NA,2015
Tampa Bay Lightning*,26.9,82,50,24,8,108,0.659,259,206,3,5,0.57,-0.06,5.67,199,158,53,282,18.79,42,257,83.66,7,6,9.9,10.5,2428,10.7,2287,0.91,5,NA,NA,NA,NA,NA,NA,NA,NA,NA,NA,NA,NA,NA,NA,NA,NA,NA,NA,NA,NA,NA,NA,NA,NA,2015
Nashville Predators*,28.4,82,47,25,10,104,0.634,226,202,6,6,0.33,0.03,5.22,180,152,42,259,16.22,45,234,80.77,4,5,8.5,9.3,2614,8.6,2317,0.913,5,NA,NA,NA,NA,NA,NA,NA,NA,NA,NA,NA,NA,NA,NA,NA,NA,NA,NA,NA,NA,NA,NA,NA,NA,2015
Chicago Blackhawks*,29.3,82,48,28,6,102,0.622,220,186,9,3,0.51,0.02,4.95,171,144,46,260,17.69,35,211,83.41,3,7,7.3,8.8,2777,7.9,2477,0.925,5,NA,NA,NA,NA,NA,NA,NA,NA,NA,NA,NA,NA,NA,NA,NA,NA,NA,NA,NA,NA,NA,NA,NA,NA,2015
Vancouver Canucks*,29.4,82,48,29,5,101,0.616,236,220,6,2,0.2,-0.05,5.56,184,180,46,238,19.33,38,266,85.71,6,2,10.9,9.8,2453,9.6,2446,0.91,9,NA,NA,NA,NA,NA,NA,NA,NA,NA,NA,NA,NA,NA,NA,NA,NA,NA,NA,NA,NA,NA,NA,NA,NA,2015
Washington Capitals*,28.1,82,45,26,11,101,0.616,237,199,5,4,0.44,-0.03,5.32,173,145,60,237,25.32,50,266,81.2,4,4,10.5,10.4,2419,9.8,2368,0.916,9,NA,NA,NA,NA,NA,NA,NA,NA,NA,NA,NA,NA,NA,NA,NA,NA,NA,NA,NA,NA,NA,NA,NA,NA,2015
New York Islanders*,27.3,82,47,28,7,101,0.616,245,224,7,6,0.26,-0.01,5.72,185,173,50,267,18.73,48,217,77.88,10,3,8.5,9.4,2771,8.8,2321,0.903,6,NA,NA,NA,NA,NA,NA,NA,NA,NA,NA,NA,NA,NA,NA,NA,NA,NA,NA,NA,NA,NA,NA,NA,NA,2015
Detroit Red Wings*,28.9,82,43,25,14,100,0.61,231,211,4,10,0.14,-0.03,5.39,158,148,70,294,23.81,55,288,80.9,3,8,8.8,9.7,2429,9.5,2322,0.909,6,NA,NA,NA,NA,NA,NA,NA,NA,NA,NA,NA,NA,NA,NA,NA,NA,NA,NA,NA,NA,NA,NA,NA,NA,2015
Minnesota Wild*,27.7,82,46,28,8,100,0.61,227,198,4,3,0.39,0.03,5.18,184,163,39,246,15.85,32,234,86.32,4,3,8.9,9.7,2522,9,2265,0.913,8,NA,NA,NA,NA,NA,NA,NA,NA,NA,NA,NA,NA,NA,NA,NA,NA,NA,NA,NA,NA,NA,NA,NA,NA,2015
Ottawa Senators*,26.9,82,43,26,13,99,0.604,232,208,6,7,0.25,-0.04,5.37,179,156,47,280,16.79,44,257,82.88,6,8,10.3,11.1,2539,9.1,2635,0.921,6,NA,NA,NA,NA,NA,NA,NA,NA,NA,NA,NA,NA,NA,NA,NA,NA,NA,NA,NA,NA,NA,NA,NA,NA,2015
Winnipeg Jets*,27.3,82,43,26,13,99,0.604,223,204,7,6,0.29,0.04,5.21,165,143,48,269,17.84,56,308,81.82,10,5,13,11.6,2439,9.1,2350,0.913,7,NA,NA,NA,NA,NA,NA,NA,NA,NA,NA,NA,NA,NA,NA,NA,NA,NA,NA,NA,NA,NA,NA,NA,NA,2015
Pittsburgh Penguins*,29.5,82,43,27,12,98,0.598,217,204,4,6,0.12,-0.01,5.13,162,151,49,254,19.29,42,277,84.84,6,11,13.7,12.1,2594,8.4,2401,0.915,10,NA,NA,NA,NA,NA,NA,NA,NA,NA,NA,NA,NA,NA,NA,NA,NA,NA,NA,NA,NA,NA,NA,NA,NA,2015
Calgary Flames*,28.2,82,45,30,7,97,0.591,237,213,4,3,0.26,-0.05,5.49,183,174,48,255,18.82,36,186,80.65,6,3,7.6,9,2252,10.5,2391,0.911,5,NA,NA,NA,NA,NA,NA,NA,NA,NA,NA,NA,NA,NA,NA,NA,NA,NA,NA,NA,NA,NA,NA,NA,NA,2015
Boston Bruins,28.3,82,41,27,14,96,0.585,209,201,4,10,0.01,-0.01,5,163,154,38,213,17.84,44,244,81.97,8,3,9.5,8.5,2546,8.2,2449,0.918,5,NA,NA,NA,NA,NA,NA,NA,NA,NA,NA,NA,NA,NA,NA,NA,NA,NA,NA,NA,NA,NA,NA,NA,NA,2015
Los Angeles Kings,28.5,82,40,27,15,95,0.579,218,197,2,8,0.16,-0.03,5.06,164,150,47,247,19.03,45,236,80.93,7,2,9.1,9.1,2536,8.6,2214,0.911,9,NA,NA,NA,NA,NA,NA,NA,NA,NA,NA,NA,NA,NA,NA,NA,NA,NA,NA,NA,NA,NA,NA,NA,NA,2015
Dallas Stars,28.5,82,41,31,10,92,0.561,257,257,4,3,0.06,0.05,6.27,193,201,55,290,18.97,49,254,80.71,9,7,9.6,11,2558,10,2454,0.895,6,NA,NA,NA,NA,NA,NA,NA,NA,NA,NA,NA,NA,NA,NA,NA,NA,NA,NA,NA,NA,NA,NA,NA,NA,2015
Florida Panthers,29.2,82,38,29,15,91,0.555,198,213,8,10,-0.23,-0.02,5.01,157,157,40,246,16.26,50,250,80,1,6,8.9,9,2516,7.9,2424,0.912,4,NA,NA,NA,NA,NA,NA,NA,NA,NA,NA,NA,NA,NA,NA,NA,NA,NA,NA,NA,NA,NA,NA,NA,NA,2015
Colorado Avalanche,28.6,82,39,31,12,90,0.549,209,223,10,4,-0.04,0.06,5.27,168,184,37,247,14.98,37,241,84.65,4,2,9.4,9.6,2286,9.1,2719,0.918,6,NA,NA,NA,NA,NA,NA,NA,NA,NA,NA,NA,NA,NA,NA,NA,NA,NA,NA,NA,NA,NA,NA,NA,NA,2015
Columbus Blue Jackets,27,82,42,35,5,89,0.543,227,248,9,2,-0.16,0.01,5.79,169,183,53,244,21.72,60,303,80.2,5,5,11.9,11,2366,9.6,2742,0.91,2,NA,NA,NA,NA,NA,NA,NA,NA,NA,NA,NA,NA,NA,NA,NA,NA,NA,NA,NA,NA,NA,NA,NA,NA,2015
San Jose Sharks,28.5,82,40,33,9,89,0.543,224,226,4,6,-0.08,-0.03,5.49,165,173,55,254,21.65,48,223,78.48,4,5,9.3,10.4,2591,8.6,2436,0.907,8,NA,NA,NA,NA,NA,NA,NA,NA,NA,NA,NA,NA,NA,NA,NA,NA,NA,NA,NA,NA,NA,NA,NA,NA,2015
Philadelphia Flyers,28.6,82,33,31,18,84,0.512,212,223,3,11,-0.23,0,5.3,149,156,60,256,23.44,61,266,77.07,3,6,10.2,9.2,2413,8.8,2481,0.91,3,NA,NA,NA,NA,NA,NA,NA,NA,NA,NA,NA,NA,NA,NA,NA,NA,NA,NA,NA,NA,NA,NA,NA,NA,2015
New Jersey Devils,30.5,82,32,36,14,78,0.476,176,209,5,7,-0.4,0.02,4.7,128,149,41,212,19.34,52,268,80.6,7,8,9.3,7.7,2008,8.8,2518,0.917,5,NA,NA,NA,NA,NA,NA,NA,NA,NA,NA,NA,NA,NA,NA,NA,NA,NA,NA,NA,NA,NA,NA,NA,NA,2015
Carolina Hurricanes,27.9,82,30,41,11,71,0.433,183,219,5,7,-0.44,0.02,4.9,136,186,45,240,18.75,29,190,84.74,2,4,6.7,8.2,2524,7.3,2236,0.902,2,NA,NA,NA,NA,NA,NA,NA,NA,NA,NA,NA,NA,NA,NA,NA,NA,NA,NA,NA,NA,NA,NA,NA,NA,2015
Toronto Maple Leafs,27.7,82,30,44,8,68,0.415,206,257,5,5,-0.61,0.02,5.65,154,193,45,283,15.9,52,266,80.45,7,12,10,10.7,2397,8.6,2748,0.906,2,NA,NA,NA,NA,NA,NA,NA,NA,NA,NA,NA,NA,NA,NA,NA,NA,NA,NA,NA,NA,NA,NA,NA,NA,2015
Edmonton Oilers,27.2,82,24,44,14,62,0.378,193,276,5,7,-1.01,0.03,5.72,148,218,41,232,17.67,51,219,76.71,4,7,8.3,8.7,2331,8.3,2464,0.888,2,NA,NA,NA,NA,NA,NA,NA,NA,NA,NA,NA,NA,NA,NA,NA,NA,NA,NA,NA,NA,NA,NA,NA,NA,2015
Arizona Coyotes,28.5,82,24,50,8,56,0.341,165,267,5,5,-1.2,0.04,5.27,115,195,46,230,20,65,279,76.7,4,7,9.5,8.4,2393,6.9,2722,0.902,1,NA,NA,NA,NA,NA,NA,NA,NA,NA,NA,NA,NA,NA,NA,NA,NA,NA,NA,NA,NA,NA,NA,NA,NA,2015
Buffalo Sabres,26.9,82,23,51,8,54,0.329,153,269,8,5,-1.33,0.05,5.15,116,197,30,224,13.39,64,257,75.1,7,8,10.4,9.6,1984,7.7,2920,0.908,1,NA,NA,NA,NA,NA,NA,NA,NA,NA,NA,NA,NA,NA,NA,NA,NA,NA,NA,NA,NA,NA,NA,NA,NA,2015
Washington Capitals*,27.9,82,56,18,8,120,0.732,248,191,4,2,0.7,-0.02,5.35,191,148,55,251,21.91,38,256,85.16,2,5,9.2,8.9,2510,9.9,2332,0.918,3,NA,NA,NA,NA,NA,NA,NA,NA,NA,NA,NA,NA,NA,NA,NA,NA,NA,NA,NA,NA,NA,NA,NA,NA,2016
Dallas Stars*,28.9,82,50,23,9,109,0.665,265,228,2,2,0.45,-0.01,6.01,197,169,58,262,22.14,44,248,82.26,10,15,8.8,9,2624,10.1,2371,0.904,5,NA,NA,NA,NA,NA,NA,NA,NA,NA,NA,NA,NA,NA,NA,NA,NA,NA,NA,NA,NA,NA,NA,NA,NA,2016
St. Louis Blues*,28,82,49,24,9,107,0.652,219,197,5,4,0.28,0,5.07,164,151,51,237,21.52,41,276,85.14,4,5,10.5,9.2,2474,8.9,2439,0.919,10,NA,NA,NA,NA,NA,NA,NA,NA,NA,NA,NA,NA,NA,NA,NA,NA,NA,NA,NA,NA,NA,NA,NA,NA,2016
Pittsburgh Penguins*,29,82,48,26,8,104,0.634,241,199,4,4,0.5,-0.01,5.37,182,154,48,261,18.39,40,257,84.44,11,5,8.5,8.9,2722,8.9,2436,0.918,6,NA,NA,NA,NA,NA,NA,NA,NA,NA,NA,NA,NA,NA,NA,NA,NA,NA,NA,NA,NA,NA,NA,NA,NA,2016
Anaheim Ducks*,27.4,82,46,25,11,103,0.628,215,188,3,4,0.27,-0.05,4.91,152,148,56,245,22.86,37,290,87.24,7,3,12.5,11.1,2483,8.7,2258,0.917,8,NA,NA,NA,NA,NA,NA,NA,NA,NA,NA,NA,NA,NA,NA,NA,NA,NA,NA,NA,NA,NA,NA,NA,NA,2016
Chicago Blackhawks*,28.6,82,47,26,9,103,0.628,234,207,1,2,0.32,0,5.38,167,158,57,252,22.62,46,233,80.26,10,3,7.5,8.6,2498,9.4,2526,0.918,8,NA,NA,NA,NA,NA,NA,NA,NA,NA,NA,NA,NA,NA,NA,NA,NA,NA,NA,NA,NA,NA,NA,NA,NA,2016
Florida Panthers*,29.2,82,47,26,9,103,0.628,232,200,7,3,0.42,-0.02,5.27,180,140,47,278,16.91,55,268,79.48,5,5,10.4,10.4,2358,9.8,2419,0.917,4,NA,NA,NA,NA,NA,NA,NA,NA,NA,NA,NA,NA,NA,NA,NA,NA,NA,NA,NA,NA,NA,NA,NA,NA,2016
Los Angeles Kings*,28.3,82,48,28,6,102,0.622,223,192,2,3,0.32,-0.04,5.06,171,136,47,235,20,53,285,81.4,5,3,10.6,9.1,2625,8.5,2254,0.915,7,NA,NA,NA,NA,NA,NA,NA,NA,NA,NA,NA,NA,NA,NA,NA,NA,NA,NA,NA,NA,NA,NA,NA,NA,2016
New York Rangers*,29.6,82,46,27,9,101,0.616,233,215,3,2,0.24,0.01,5.46,188,157,42,226,18.58,53,243,78.19,3,5,8.6,8.3,2336,10,2494,0.914,5,NA,NA,NA,NA,NA,NA,NA,NA,NA,NA,NA,NA,NA,NA,NA,NA,NA,NA,NA,NA,NA,NA,NA,NA,2016
New York Islanders*,27.9,82,45,27,10,100,0.61,227,211,5,5,0.19,0,5.34,178,169,43,229,18.78,36,232,84.48,7,6,8.8,9.2,2412,9.4,2495,0.915,4,NA,NA,NA,NA,NA,NA,NA,NA,NA,NA,NA,NA,NA,NA,NA,NA,NA,NA,NA,NA,NA,NA,NA,NA,2016
San Jose Sharks*,29.1,82,46,30,6,98,0.598,237,207,4,3,0.33,-0.05,5.41,169,154,62,275,22.55,46,236,80.51,6,7,8.9,11,2491,9.5,2245,0.908,9,NA,NA,NA,NA,NA,NA,NA,NA,NA,NA,NA,NA,NA,NA,NA,NA,NA,NA,NA,NA,NA,NA,NA,NA,2016
Tampa Bay Lightning*,27.3,82,46,31,5,97,0.591,224,198,3,3,0.3,-0.02,5.15,173,150,44,279,15.77,41,257,84.05,7,7,9.9,10.6,2402,9.3,2366,0.916,7,NA,NA,NA,NA,NA,NA,NA,NA,NA,NA,NA,NA,NA,NA,NA,NA,NA,NA,NA,NA,NA,NA,NA,NA,2016
Philadelphia Flyers*,28.1,82,41,27,14,96,0.585,211,210,3,8,-0.03,0.02,5.13,155,151,53,280,18.93,51,262,80.53,3,8,11.8,11.9,2540,8.3,2519,0.917,7,NA,NA,NA,NA,NA,NA,NA,NA,NA,NA,NA,NA,NA,NA,NA,NA,NA,NA,NA,NA,NA,NA,NA,NA,2016
Nashville Predators*,28.4,82,41,27,14,96,0.585,224,213,4,2,0.17,0.01,5.33,166,165,51,259,19.69,46,245,81.22,7,2,9.9,9.8,2507,8.9,2242,0.905,6,NA,NA,NA,NA,NA,NA,NA,NA,NA,NA,NA,NA,NA,NA,NA,NA,NA,NA,NA,NA,NA,NA,NA,NA,2016
Boston Bruins,28.8,82,42,31,9,93,0.567,236,228,4,2,0.11,-0.02,5.66,179,176,48,234,20.51,48,270,82.22,9,4,11.4,10.4,2620,9,2490,0.908,5,NA,NA,NA,NA,NA,NA,NA,NA,NA,NA,NA,NA,NA,NA,NA,NA,NA,NA,NA,NA,NA,NA,NA,NA,2016
Detroit Red Wings*,28.7,82,41,30,11,93,0.567,209,219,2,5,-0.16,0,5.22,157,165,50,266,18.8,50,271,81.55,2,4,8.8,9.1,2432,8.6,2439,0.91,6,NA,NA,NA,NA,NA,NA,NA,NA,NA,NA,NA,NA,NA,NA,NA,NA,NA,NA,NA,NA,NA,NA,NA,NA,2016
Minnesota Wild*,28,82,38,33,11,87,0.53,213,204,3,2,0.13,0.01,5.09,158,153,48,259,18.53,45,204,77.94,7,6,6.6,8.6,2374,9,2347,0.913,8,NA,NA,NA,NA,NA,NA,NA,NA,NA,NA,NA,NA,NA,NA,NA,NA,NA,NA,NA,NA,NA,NA,NA,NA,2016
Carolina Hurricanes,27,82,35,31,16,86,0.524,196,221,2,5,-0.31,0.03,5.09,153,184,40,238,16.81,32,204,84.31,3,5,6.9,7.7,2451,8,2261,0.902,3,NA,NA,NA,NA,NA,NA,NA,NA,NA,NA,NA,NA,NA,NA,NA,NA,NA,NA,NA,NA,NA,NA,NA,NA,2016
Ottawa Senators,27,82,38,35,9,85,0.518,230,241,6,6,-0.13,0.01,5.74,175,177,38,239,15.9,61,253,75.89,17,3,10.9,11,2325,9.9,2688,0.91,5,NA,NA,NA,NA,NA,NA,NA,NA,NA,NA,NA,NA,NA,NA,NA,NA,NA,NA,NA,NA,NA,NA,NA,NA,2016
New Jersey Devils,27.9,82,38,36,8,84,0.512,182,202,2,6,-0.28,0.02,4.68,126,149,51,256,19.92,45,264,82.95,5,8,9.9,9.2,2003,9.1,2349,0.914,7,NA,NA,NA,NA,NA,NA,NA,NA,NA,NA,NA,NA,NA,NA,NA,NA,NA,NA,NA,NA,NA,NA,NA,NA,2016
Colorado Avalanche,28.3,82,39,39,4,82,0.5,212,240,4,0,-0.26,0.03,5.51,157,180,48,266,18.05,51,258,80.23,7,9,9.4,9.4,2348,9,2649,0.909,5,NA,NA,NA,NA,NA,NA,NA,NA,NA,NA,NA,NA,NA,NA,NA,NA,NA,NA,NA,NA,NA,NA,NA,NA,2016
Montreal Canadiens,28,82,38,38,6,82,0.5,216,233,5,3,-0.18,0,5.48,166,176,42,259,16.22,46,254,81.89,8,11,9.4,9.9,2504,8.6,2408,0.903,3,NA,NA,NA,NA,NA,NA,NA,NA,NA,NA,NA,NA,NA,NA,NA,NA,NA,NA,NA,NA,NA,NA,NA,NA,2016
Buffalo Sabres,26.2,82,35,36,11,81,0.494,199,215,2,7,-0.25,0.01,5.05,145,171,48,254,18.9,38,218,82.57,6,6,9.1,10.2,2418,8.2,2511,0.914,2,NA,NA,NA,NA,NA,NA,NA,NA,NA,NA,NA,NA,NA,NA,NA,NA,NA,NA,NA,NA,NA,NA,NA,NA,2016
Winnipeg Jets,26.8,82,35,39,8,78,0.476,212,236,3,3,-0.26,0.03,5.46,164,171,38,257,14.79,61,282,78.37,10,4,11.2,10.4,2427,8.7,2423,0.903,3,NA,NA,NA,NA,NA,NA,NA,NA,NA,NA,NA,NA,NA,NA,NA,NA,NA,NA,NA,NA,NA,NA,NA,NA,2016
Arizona Coyotes,27.6,82,35,39,8,78,0.476,208,244,1,1,-0.43,0.01,5.51,151,161,53,300,17.67,69,304,77.3,4,14,12.3,11.5,2265,9.2,2539,0.904,5,NA,NA,NA,NA,NA,NA,NA,NA,NA,NA,NA,NA,NA,NA,NA,NA,NA,NA,NA,NA,NA,NA,NA,NA,2016
Calgary Flames,27.7,82,35,40,7,77,0.47,229,257,2,3,-0.36,-0.01,5.93,173,193,46,270,17.04,57,234,75.64,10,7,9.2,9.5,2398,9.5,2377,0.892,3,NA,NA,NA,NA,NA,NA,NA,NA,NA,NA,NA,NA,NA,NA,NA,NA,NA,NA,NA,NA,NA,NA,NA,NA,2016
Columbus Blue Jackets,26.5,82,34,40,8,76,0.463,213,248,6,4,-0.38,0.03,5.62,167,187,43,248,17.34,53,279,81,3,8,12.1,10.7,2387,8.9,2550,0.903,1,NA,NA,NA,NA,NA,NA,NA,NA,NA,NA,NA,NA,NA,NA,NA,NA,NA,NA,NA,NA,NA,NA,NA,NA,2016
Vancouver Canucks,28.9,82,31,38,13,75,0.457,186,239,5,4,-0.62,0.02,5.18,143,184,39,247,15.79,47,249,81.12,4,8,10,10,2311,8,2668,0.91,1,NA,NA,NA,NA,NA,NA,NA,NA,NA,NA,NA,NA,NA,NA,NA,NA,NA,NA,NA,NA,NA,NA,NA,NA,2016
Edmonton Oilers,26.4,82,31,43,8,70,0.427,199,242,4,3,-0.51,0,5.38,151,188,43,237,18.14,49,254,80.71,5,6,9.7,9.2,2386,8.3,2548,0.905,3,NA,NA,NA,NA,NA,NA,NA,NA,NA,NA,NA,NA,NA,NA,NA,NA,NA,NA,NA,NA,NA,NA,NA,NA,2016
Toronto Maple Leafs,27.4,82,29,42,11,69,0.421,192,240,6,6,-0.56,0.03,5.27,149,182,40,259,15.44,50,272,81.62,3,8,9.2,9,2515,7.6,2503,0.904,4,NA,NA,NA,NA,NA,NA,NA,NA,NA,NA,NA,NA,NA,NA,NA,NA,NA,NA,NA,NA,NA,NA,NA,NA,2016
Washington Capitals*,28.4,82,55,19,8,118,0.72,261,177,2,5,0.99,0,5.34,199,130,57,248,22.98,44,272,83.82,5,3,9.1,8.7,2495,10.5,2282,0.922,12,8.4,0.941,102.5,3658,3405,51.8,2696,2546,51.4,166.4,156.9,178,113,56,1570,1534,50.6,341,364,48.4,60,15,50,12.1,2017
Pittsburgh Penguins*,28.7,82,50,21,11,111,0.677,278,229,4,5,0.59,0.01,6.18,213,170,60,260,23.08,52,257,79.77,5,7,8.6,9,2745,10.1,2671,0.914,5,7.9,0.932,101,3810,3788,50.1,2874,2735,51.2,197.5,175.7,185,150,13,1778,1597,52.7,404,381,51.5,60,12.9,52,12,2017
Chicago Blackhawks*,29.4,82,50,23,9,109,0.665,240,212,4,1,0.32,-0.06,5.51,197,158,42,233,18.03,47,211,77.73,1,7,7.1,7.9,2508,9.6,2574,0.918,4,7.6,0.937,101.3,3779,3713,50.4,2713,2716,50,178.2,182.5,167,138,33,1645,1693,49.3,330,382,46.3,74,18.3,61,13.8,2017
Columbus Blue Jackets*,26.2,82,50,24,8,108,0.659,247,193,2,2,0.68,0.02,5.37,195,152,42,211,19.91,39,223,82.51,10,2,8.7,8.6,2540,9.7,2489,0.922,8,7.6,0.936,101.2,3719,3677,50.3,2772,2727,50.4,178.3,174.7,168,133,31,1636,1625,50.2,399,400,49.9,63,13.6,42,9.5,2017
Minnesota Wild*,28.3,82,49,25,8,106,0.646,263,206,3,2,0.63,-0.08,5.72,211,166,47,224,20.98,37,217,82.95,5,3,8.2,8.4,2527,10.4,2465,0.916,5,8.4,0.931,101.5,3650,3744,49.4,2769,2778,49.9,175.4,151.6,187,148,15,1638,1415,53.7,359,295,54.9,77,17.7,50,14.5,2017
Anaheim Ducks*,27.6,82,46,23,13,105,0.64,220,197,3,3,0.24,-0.04,5.09,164,147,47,251,18.73,43,281,84.7,9,7,11.4,11.2,2425,9.1,2429,0.919,8,7.2,0.935,100.7,3504,3551,49.7,2646,2636,50.1,167.9,155.6,145,128,5,1626,1621,50.1,389,331,54,64,14.1,52,13.6,2017
Edmonton Oilers*,26.7,82,47,26,9,103,0.628,243,207,4,5,0.37,-0.06,5.49,183,159,56,245,22.86,43,223,80.72,4,5,9,9.5,2547,9.5,2416,0.914,7,7.6,0.932,100.9,3664,3667,50,2740,2637,51,191.4,173.4,166,140,8,1731,1652,51.2,377,364,50.9,70,15.7,68,15.7,2017
Montreal Canadiens*,28.8,82,47,26,9,103,0.628,223,198,3,2,0.31,-0.01,5.13,173,145,45,230,19.57,47,249,81.12,5,6,9.3,7.9,2459,9.1,2429,0.918,5,7,0.937,100.7,3939,3558,52.5,2836,2574,52.4,170.1,160.8,153,129,15,1634,1506,52,401,355,53,70,14.9,37,9.4,2017
New York Rangers*,28.3,82,48,28,6,102,0.622,253,216,3,4,0.47,0.03,5.72,197,166,47,232,20.26,45,224,79.91,9,5,7.2,8.3,2438,10.4,2465,0.912,7,8.1,0.929,101,3524,3825,48,2669,2801,48.8,167.7,179.2,167,154,25,1597,1674,48.8,375,389,49.1,70,15.7,67,14.7,2017
St. Louis Blues*,28,82,46,29,7,99,0.604,233,216,2,2,0.17,-0.04,5.48,180,171,50,235,21.28,40,263,84.79,3,5,9,8.4,2330,10,2327,0.907,8,7.8,0.929,100.7,3415,3390,50.2,2543,2495,50.5,155.1,148.2,155,138,10,1520,1478,50.7,290,290,50,52,15.2,50,14.7,2017
San Jose Sharks*,29.6,82,46,29,7,99,0.604,219,200,2,1,0.21,-0.03,5.11,171,153,41,246,16.67,41,212,80.66,7,6,7.8,8.5,2453,8.9,2269,0.912,3,7.4,0.93,100.3,3857,3688,51.1,2795,2576,52,169.8,150.5,153,135,-1,1609,1498,51.8,414,354,53.9,55,11.7,56,13.7,2017
Ottawa Senators*,28.8,82,44,28,10,98,0.598,206,210,6,4,-0.01,0.01,5.07,156,157,43,254,16.93,50,247,79.76,7,3,10.3,10.5,2463,8.4,2467,0.915,10,6.6,0.931,99.7,3595,3807,48.6,2616,2745,48.8,153.8,154.8,135,141,-5,1410,1553,47.6,330,319,50.8,49,12.9,38,10.6,2017
Boston Bruins*,28.8,82,44,31,7,95,0.579,232,209,2,3,0.27,0,5.38,169,165,53,244,21.72,38,266,85.71,10,6,10.1,9.8,2721,8.5,2194,0.905,8,6.3,0.92,98.4,3912,3239,54.7,2946,2381,55.3,178.1,149.4,142,147,-34,1706,1409,54.8,422,342,55.2,63,13,74,17.8,2017
Toronto Maple Leafs*,26.2,82,40,27,15,95,0.579,250,234,1,8,0.11,0,5.9,186,183,57,244,23.36,44,251,82.47,6,7,9.7,10,2617,9.6,2673,0.912,5,7.7,0.928,100.5,3936,3873,50.4,2940,2966,49.8,188,182.3,169,161,2,1889,1758,51.8,399,398,50.1,74,15.6,76,16,2017
New York Islanders,28.4,82,41,29,12,94,0.573,239,238,2,4,0.03,0.05,5.82,199,190,35,234,14.96,40,227,82.38,5,7,7.9,7.9,2480,9.6,2616,0.909,5,8.2,0.924,100.6,3696,4037,47.8,2715,2936,48,180.7,187,178,170,14,1648,1782,48,374,384,49.3,62,14.2,72,15.8,2017
Nashville Predators*,27.9,82,41,29,12,94,0.573,238,220,2,4,0.16,-0.04,5.59,177,168,49,259,18.92,46,241,80.91,12,6,10.2,10.7,2557,9.3,2472,0.911,4,7.3,0.932,100.4,3801,3600,51.4,2815,2707,51,162.6,154.3,160,142,10,1590,1565,50.4,307,304,50.2,48,13.5,58,16,2017
Tampa Bay Lightning,26.8,82,42,30,10,94,0.573,230,224,4,3,0.09,0.01,5.54,164,168,62,272,22.79,48,258,81.4,4,8,10.7,11.4,2452,9.4,2492,0.91,3,6.9,0.929,99.8,3596,3418,51.3,2694,2627,50.6,162.7,167.1,141,145,0,1607,1500,51.7,331,300,52.5,51,13.4,53,15,2017
Calgary Flames*,28.3,82,45,33,4,94,0.573,222,219,4,2,0.02,-0.04,5.38,162,163,52,258,20.16,51,277,81.59,8,5,11.7,10.7,2388,9.3,2354,0.907,5,7.1,0.926,99.7,3488,3417,50.5,2548,2541,50.1,154.8,156.8,141,145,-2,1481,1481,50,317,350,47.5,58,15.5,59,14.4,2017
Philadelphia Flyers,27.6,82,39,33,10,88,0.537,212,231,7,5,-0.17,0.04,5.4,154,172,54,277,19.49,50,247,79.76,4,9,10.3,11.1,2585,8.2,2334,0.901,5,6.3,0.923,98.5,3756,3594,51.1,2686,2544,51.4,153,145.6,128,154,-33,1496,1479,50.3,332,302,52.4,58,14.9,48,13.7,2017
Carolina Hurricanes,26.8,82,36,31,15,87,0.53,212,230,3,6,-0.21,0.05,5.39,161,192,41,231,17.75,32,202,84.16,10,6,5.8,6.6,2493,8.5,2320,0.901,3,6.8,0.919,98.8,3834,3642,51.3,2806,2758,50.4,166.5,168,145,171,-25,1682,1608,51.1,387,378,50.6,46,10.6,74,16.4,2017
Winnipeg Jets,26.1,82,40,35,7,87,0.53,246,255,3,1,-0.11,-0.03,6.11,188,184,48,264,18.18,62,275,77.45,10,9,10.2,9.7,2448,10,2546,0.9,5,7.8,0.921,99.9,3403,3502,49.3,2553,2618,49.4,163.1,159,157,167,-14,1501,1489,50.2,340,314,52,65,16,60,16,2017
Los Angeles Kings,29.1,82,39,35,8,86,0.524,199,201,2,4,-0.07,-0.02,4.88,148,160,46,241,19.09,38,245,84.49,5,3,9.2,9.3,2553,7.8,2120,0.905,9,6,0.925,98.5,3973,3253,55,2928,2403,54.9,158.1,137.4,129,135,-27,1710,1444,54.2,359,282,56,45,11.1,48,14.5,2017
Florida Panthers,28.6,82,35,36,11,81,0.494,205,231,5,6,-0.3,0.03,5.32,152,187,45,265,16.98,36,245,85.31,8,8,9.9,9.9,2644,7.8,2595,0.911,4,6.2,0.927,98.9,3520,3446,50.5,2718,2698,50.2,150.4,170.7,130,160,-10,1473,1510,49.4,290,354,45,40,12.1,63,15.1,2017
Detroit Red Wings,28.4,82,33,36,13,79,0.482,198,244,9,0,-0.41,0.04,5.39,157,190,38,252,15.08,45,235,80.85,3,9,8.8,9.2,2335,8.5,2507,0.903,4,7.3,0.923,99.6,3320,3564,48.2,2546,2724,48.3,169.3,173,144,162,-14,1551,1587,49.4,327,362,47.5,57,14.8,65,15.2,2017
Dallas Stars,28.5,82,34,37,11,79,0.482,222,260,1,2,-0.48,-0.01,5.88,171,184,46,257,17.9,65,249,73.9,5,11,9.9,9.8,2505,8.9,2439,0.893,3,7,0.925,99.5,3852,3847,50,2815,2748,50.6,176.2,177.4,149,155,-5,1747,1698,50.7,401,403,49.9,71,15,67,14.3,2017
Buffalo Sabres,26.4,82,33,37,12,78,0.476,199,231,2,6,-0.41,0.03,5.24,139,174,57,233,24.46,53,237,77.64,3,4,9,8.6,2491,8,2813,0.918,3,6,0.933,99.4,3486,3896,47.2,2675,2978,47.3,160,173.2,126,156,-17,1425,1590,47.3,318,373,46,48,13.1,56,13.1,2017
New Jersey Devils,28.1,82,28,40,14,70,0.427,180,241,3,3,-0.67,0.08,5.13,130,176,44,251,17.53,53,261,79.69,6,12,10,9.7,2279,7.9,2572,0.906,3,6.1,0.929,99,3188,3478,47.8,2465,2677,47.9,153.5,173.2,115,150,-15,1402,1570,47.2,289,309,48.3,44,13.2,54,14.9,2017
Arizona Coyotes,27.3,82,30,42,10,70,0.427,191,258,6,2,-0.76,0.01,5.48,145,192,38,235,16.17,59,260,77.31,8,7,9.9,8.6,2281,8.4,2797,0.908,3,6.8,0.93,99.8,3412,4165,45,2563,3204,44.4,142.4,193.6,133,168,16,1362,1910,41.6,311,444,41.2,54,14.8,64,12.6,2017
Vancouver Canucks,28.8,82,30,43,9,69,0.421,178,241,4,2,-0.73,0.01,5.11,144,183,32,227,14.1,52,223,76.68,2,6,7.9,7.9,2273,7.8,2605,0.907,3,6.6,0.929,99.5,3398,3696,47.9,2486,2834,46.7,155.4,186.3,128,159,0,1474,1744,45.8,334,387,46.3,59,15,65,14.4,2017
Colorado Avalanche,27.6,82,22,56,4,48,0.293,165,276,1,2,-1.32,0.05,5.38,130,210,30,239,12.55,64,274,76.64,5,2,9.4,8.2,2303,7.2,2603,0.894,3,5.9,0.914,97.4,3443,3648,48.6,2532,2790,47.6,140,168.2,114,194,-52,1393,1561,47.2,278,315,46.9,32,10.3,60,16,2017
Nashville Predators*,28.4,82,53,18,11,117,0.713,261,204,6,7,0.71,0.03,5.67,193,145,58,274,21.17,54,299,81.94,10,5,11.3,9.6,2641,9.9,2659,0.923,11,7.6,0.939,101.6,3854,3629,51.5,2857,2689,51.5,170.8,178.1,168,128,47,1627,1626,50,335,361,48.1,69,17.1,42,10.4,2018
Winnipeg Jets*,26.8,82,52,20,10,114,0.695,273,216,4,2,0.74,0.02,5.96,200,159,64,274,23.36,50,274,81.75,9,7,8.5,8.6,2643,10.3,2613,0.917,7,7.9,0.931,101,3815,3590,51.5,2847,2657,51.7,176.6,156.9,176,144,12,1629,1513,51.8,347,322,51.9,61,15,52,13.9,2018
Tampa Bay Lightning*,27.5,82,54,23,5,113,0.689,290,234,6,2,0.66,-0.07,6.39,215,167,66,276,23.91,64,267,76.03,9,3,9.2,9.5,2680,10.8,2683,0.913,8,8.6,0.934,102,3879,3640,51.6,2925,2762,51.4,183.4,176.4,196,146,43,1792,1640,52.2,371,291,56,70,15.9,50,14.7,2018
Boston Bruins*,28.6,82,50,20,12,112,0.683,267,211,3,3,0.62,-0.07,5.83,197,161,61,258,23.64,40,245,83.67,9,10,9.5,9.6,2703,9.9,2399,0.912,4,7.3,0.929,100.2,3916,3373,53.7,2948,2532,53.8,188.3,159.3,166,138,-1,1836,1539,54.4,387,348,52.7,73,15.9,58,14.3,2018
Vegas Golden Knights*,28,82,51,24,7,109,0.665,268,225,4,3,0.52,-0.01,6.01,207,176,53,248,21.37,44,237,81.43,8,5,6.8,7.5,2686,10,2521,0.911,5,7.8,0.927,100.5,3885,3755,50.9,2884,2802,50.7,182.3,175,175,157,11,1813,1669,52.1,324,319,50.4,55,14.5,61,16.1,2018
Toronto Maple Leafs*,28.3,82,49,26,7,105,0.64,270,230,7,2,0.49,-0.06,6.1,210,182,56,224,25,43,231,81.39,4,5,7,6.9,2640,10.2,2776,0.917,8,8.3,0.933,101.6,3967,3999,49.8,2928,3089,48.7,199.8,186.9,187,158,16,1975,1809,52.2,439,378,53.7,76,14.8,57,13.1,2018
Washington Capitals*,28.4,82,49,26,7,105,0.64,256,238,3,1,0.21,-0.04,6.02,197,177,55,244,22.54,53,269,80.3,4,8,9.8,9.2,2379,10.8,2613,0.909,3,8.5,0.93,101.4,3618,3923,48,2659,2958,47.3,159.2,176.7,171,154,35,1592,1775,47.3,302,404,42.8,50,14.2,70,14.8,2018
Anaheim Ducks*,28.7,82,44,25,13,101,0.616,231,209,4,7,0.24,0.01,5.37,183,159,38,214,17.76,46,274,83.21,10,4,10,8.6,2475,9.3,2716,0.923,9,7.5,0.937,101.2,3665,3883,48.6,2753,2928,48.5,164.6,181.6,157,137,37,1642,1819,47.4,352,375,48.4,62,15,51,12,2018
Minnesota Wild*,29.5,82,45,26,11,101,0.616,250,229,3,3,0.29,0.04,5.84,194,172,49,240,20.42,51,272,81.25,7,6,8.3,7.6,2476,10.1,2569,0.911,6,7.6,0.932,100.7,3442,3850,47.2,2607,2809,48.1,172,150.9,160,145,-6,1530,1464,51.1,353,295,54.5,62,14.9,57,16.2,2018
San Jose Sharks*,28.8,82,45,27,10,100,0.61,247,226,5,3,0.28,0,5.77,186,189,53,257,20.62,34,224,84.82,8,3,7.7,8,2702,9.1,2488,0.909,6,7.1,0.922,99.3,4073,3929,50.9,2968,2773,51.7,185,178.7,159,166,-13,1729,1722,50.1,434,375,53.6,70,13.9,70,15.7,2018
Pittsburgh Penguins*,27.7,82,47,29,6,100,0.61,270,248,2,2,0.23,-0.04,6.32,196,192,68,260,26.15,53,265,80,6,3,9.5,9.1,2823,9.6,2553,0.903,4,6.7,0.918,98.5,3969,3622,52.3,3016,2665,53.1,200.7,175.8,161,176,-40,1817,1661,52.2,398,364,52.2,59,12.9,68,15.7,2018
Los Angeles Kings*,29.1,82,45,29,8,98,0.598,237,202,2,1,0.44,0,5.35,183,159,49,240,20.42,39,260,85,5,4,9,8.3,2544,9.3,2537,0.92,8,7.4,0.936,101,3695,3692,50,2739,2771,49.7,155.4,160.9,155,134,27,1619,1626,49.9,324,346,48.4,55,14.5,46,11.7,2018
Philadelphia Flyers*,27.4,82,42,26,14,98,0.598,249,236,2,7,0.07,-0.03,5.91,192,172,54,261,20.69,54,223,75.78,3,10,8.3,9,2631,9.5,2448,0.904,3,7.3,0.93,100.3,3662,3705,49.7,2737,2729,50.1,170.2,164.4,158,145,7,1488,1669,47.1,353,337,51.2,70,16.5,67,16.6,2018
New Jersey Devils*,27.7,82,44,29,9,97,0.591,243,240,5,4,0.02,-0.03,5.89,177,187,54,252,21.43,47,258,81.78,12,6,8.5,8.4,2599,9.3,2616,0.908,2,7.3,0.924,99.7,3586,3797,48.6,2769,2881,49,178.6,172.5,160,167,-13,1624,1659,49.5,352,322,52.2,67,16,61,15.9,2018
Columbus Blue Jackets*,26.4,82,45,30,7,97,0.591,236,226,6,4,0.11,-0.04,5.63,193,168,39,227,17.18,51,214,76.17,4,7,6.9,7.3,2761,8.5,2567,0.912,5,6.9,0.933,100.2,4049,3815,51.5,3106,2799,52.6,194.7,186.8,169,149,12,1865,1724,52,379,393,49.1,62,14.1,50,11.3,2018
Florida Panthers,27.8,82,44,30,8,96,0.585,245,243,3,3,-0.01,-0.04,5.95,188,193,47,249,18.88,45,227,80.18,10,5,11,11.7,2822,8.7,2838,0.914,7,7.1,0.929,100,3803,3927,49.2,2966,2963,50,177.4,184.8,167,168,6,1676,1664,50.2,322,373,46.3,59,15.5,61,14.1,2018
Colorado Avalanche*,26.4,82,43,30,9,95,0.579,255,236,2,1,0.28,0.04,5.99,183,178,65,296,21.96,45,269,83.27,7,13,8.9,9.8,2432,10.5,2731,0.914,5,7.6,0.936,101.3,3491,3842,47.6,2530,2847,47.1,149,170.1,152,140,33,1490,1659,47.3,281,359,43.9,41,12.7,57,13.7,2018
St. Louis Blues,28.5,82,44,32,6,94,0.573,223,222,3,0,0.1,0.05,5.43,180,166,38,246,15.45,47,231,79.65,5,9,7.7,8.2,2677,8.3,2438,0.909,4,6.7,0.933,100,3895,3639,51.7,2893,2597,52.7,168.9,164.5,150,138,8,1616,1565,50.8,340,335,50.4,49,12.6,55,14.1,2018
Dallas Stars,28.5,82,42,32,8,92,0.561,231,222,4,3,0.17,0.04,5.52,177,158,47,244,19.26,54,281,80.78,7,10,10.1,9.6,2560,9,2447,0.909,6,7.1,0.932,100.3,3727,3578,51,2681,2566,51.1,170.6,149.5,148,135,-8,1652,1506,52.3,343,288,54.4,48,12.3,38,11.7,2018
Calgary Flames,28.4,82,37,35,10,84,0.512,216,243,2,5,-0.33,0.03,5.6,166,187,43,269,15.99,49,269,81.78,7,7,11.1,11.2,2759,7.8,2554,0.905,3,6.4,0.925,98.9,4176,3630,53.5,3126,2738,53.3,177.8,161.4,147,158,-27,1788,1573,53.2,404,355,53.2,48,10.6,57,13.8,2018
Carolina Hurricanes,27,82,36,35,11,83,0.506,225,253,3,3,-0.35,-0.01,5.83,178,204,44,239,18.41,43,191,77.49,3,6,6.2,7.1,2780,8.1,2367,0.893,2,6.6,0.916,98.2,4260,3559,54.5,3114,2738,53.2,180.7,164,155,179,-41,1799,1565,53.5,398,331,54.6,67,14.4,61,15.6,2018
New York Islanders,28.4,82,35,37,10,80,0.488,261,293,3,3,-0.4,-0.01,6.76,198,219,58,250,23.2,63,235,73.19,5,11,7.8,8.1,2572,10.1,2918,0.9,2,8.1,0.923,100.4,3739,4139,47.5,2732,3106,46.8,185.8,214.1,177,190,15,1705,1941,46.8,374,426,46.8,67,15.2,82,16.1,2018
Edmonton Oilers,26.8,82,36,40,6,78,0.476,229,262,5,1,-0.32,0.03,5.99,187,200,31,210,14.76,57,245,76.73,11,5,9.2,7.6,2740,8.4,2634,0.901,1,7,0.924,99.4,4049,3953,50.6,3037,2903,51.1,195.4,189.4,163,176,-19,1845,1789,50.8,391,401,49.4,58,12.9,58,12.6,2018
New York Rangers,28.7,82,34,39,9,77,0.47,228,263,3,5,-0.46,-0.01,5.99,172,212,51,241,21.16,46,247,81.38,5,5,8,8,2538,9,2898,0.909,3,7,0.927,99.8,3537,4162,45.9,2690,3148,46.1,179.5,201.8,150,182,-10,1682,1840,47.8,393,440,47.2,63,13.8,75,14.6,2018
Chicago Blackhawks,28,82,33,39,10,76,0.463,228,254,1,2,-0.26,0.07,5.88,180,198,43,269,15.99,49,236,79.24,5,7,7.5,8.9,2793,8.2,2697,0.906,2,6.6,0.924,99.1,4201,3822,52.4,2952,2832,51,192.4,191.6,157,173,-17,1833,1769,50.9,360,371,49.2,61,14.5,62,14.3,2018
Vancouver Canucks,28.2,82,31,40,11,73,0.445,218,259,0,5,-0.51,0.05,5.82,158,189,53,247,21.46,60,276,78.26,7,10,8.7,8,2464,8.8,2641,0.902,4,6.7,0.927,99.4,3498,3833,47.7,2642,2898,47.7,158.5,185.3,138,164,1,1557,1859,45.6,330,361,47.8,52,13.6,61,14.5,2018
Detroit Red Wings,30.2,82,30,39,13,73,0.445,212,254,5,1,-0.48,-0.01,5.68,162,191,41,234,17.52,58,259,77.61,9,5,8.9,8.3,2490,8.5,2613,0.903,4,7,0.925,99.5,3574,3748,48.8,2746,2818,49.4,164.2,179.9,148,167,-3,1549,1621,48.9,336,361,48.2,67,16.6,72,16.6,2018
Montreal Canadiens,27.8,82,29,40,13,71,0.433,207,258,2,6,-0.68,0,5.67,148,184,52,244,21.31,68,263,74.14,7,6,8.6,8.8,2687,7.7,2650,0.903,4,5.9,0.928,98.7,3945,3862,50.5,2825,2785,50.4,175.3,162.1,130,158,-41,1631,1595,50.6,380,363,51.1,57,13,60,14.2,2018
Arizona Coyotes,26.5,82,29,41,12,70,0.427,206,251,2,5,-0.53,0.05,5.57,163,195,41,243,16.87,46,224,79.46,2,10,7.8,8.3,2450,8.4,2642,0.905,5,6.8,0.927,99.5,3774,4073,48.1,2729,3084,46.9,163.7,179.1,140,165,-10,1656,1819,47.7,382,415,47.9,47,11,60,12.6,2018
Ottawa Senators,29.3,82,28,43,11,67,0.409,219,284,2,7,-0.85,0,6.13,174,222,41,248,16.53,56,235,76.17,4,6,8.1,8.4,2515,8.7,2712,0.895,2,7.2,0.916,98.8,3686,4121,47.2,2719,2992,47.6,159.3,176.4,152,198,-29,1516,1727,46.7,333,366,47.6,63,15.9,57,13.5,2018
Buffalo Sabres,27.1,82,25,45,12,62,0.378,198,278,1,2,-0.98,0.01,5.8,140,216,49,257,19.07,52,235,77.87,9,10,8.2,8.8,2557,7.7,2681,0.896,3,5.8,0.923,98,3381,3720,47.6,2602,2868,47.6,143.4,168.7,119,176,-32,1387,1553,47.2,295,337,46.7,42,12.5,74,18,2018
Tampa Bay Lightning*,27.1,82,62,16,4,128,0.78,319,221,6,1,1.21,-0.05,6.59,233,178,74,262,28.24,40,267,85.02,12,3,9.5,9.4,2620,12.2,2633,0.916,6,8.9,0.927,101.7,3826,3595,51.6,2882,2733,51.3,194.7,176.9,206,157,31,1769,1687,51.2,412,332,55.4,77,15.7,65,16.4,2019
Boston Bruins*,28.7,82,49,24,9,107,0.652,257,212,2,3,0.52,-0.01,5.72,185,148,65,251,25.9,49,244,79.92,7,15,9.7,9.9,2680,9.6,2416,0.912,9,6.9,0.935,100.4,3872,3421,53.1,2955,2553,53.6,175.5,167.3,157,128,21,1638,1517,51.9,336,350,49,60,15.2,52,12.9,2019
Calgary Flames*,27.7,82,50,25,7,107,0.652,289,223,0,4,0.7,-0.06,6.24,218,166,53,275,19.27,50,246,79.67,18,7,8.5,9.8,2656,10.9,2302,0.903,3,8.4,0.924,100.8,3953,3386,53.9,2903,2560,53.1,192,161.9,188,149,9,1778,1550,53.4,384,351,52.2,79,17.1,51,12.7,2019
Washington Capitals*,28.8,82,48,26,8,104,0.634,274,248,4,1,0.35,-0.01,6.37,220,188,49,236,20.76,55,261,78.93,5,5,8.9,8.6,2492,11,2584,0.904,4,9.2,0.927,101.8,3715,3860,49,2768,2884,49,167.5,185.2,197,161,54,1644,1758,48.3,333,408,44.9,52,13.5,58,12.4,2019
New York Islanders*,28.4,82,48,27,7,103,0.628,223,191,5,5,0.38,-0.01,5.05,184,146,33,227,14.54,44,219,79.91,6,1,7.9,7.7,2360,9.4,2534,0.925,11,7.9,0.94,101.9,3548,3867,47.8,2616,2803,48.3,187.7,180.5,162,128,27,1683,1722,49.4,404,370,52.2,83,17,63,14.5,2019
San Jose Sharks*,29.4,82,46,27,9,101,0.616,289,258,0,3,0.3,-0.04,6.67,223,204,57,241,23.65,45,234,80.77,9,9,9.1,9.4,2708,10.7,2323,0.889,5,8.3,0.906,98.9,4138,3404,54.9,3021,2515,54.6,197.4,173.2,193,186,-17,1812,1568,53.6,449,340,56.9,72,13.8,63,15.6,2019
Toronto Maple Leafs*,27.5,82,46,28,8,100,0.61,286,249,0,2,0.42,-0.01,6.52,235,199,46,211,21.8,41,204,79.9,5,9,6.1,6.7,2736,10.5,2717,0.908,3,8.6,0.929,101.6,4396,4105,51.7,3184,3183,50,211.5,194.9,206,171,18,2027,1855,52.2,419,379,52.5,60,12.5,60,13.7,2019
Nashville Predators*,28.9,82,47,29,6,100,0.61,236,212,4,2,0.31,-0.01,5.46,195,159,33,255,12.94,45,251,82.07,8,8,8.4,9.4,2677,8.8,2460,0.914,7,7.2,0.932,100.4,3904,3571,52.2,2952,2683,52.4,179.9,176.1,165,143,18,1674,1623,50.8,352,370,48.8,57,13.9,50,11.9,2019
Pittsburgh Penguins*,28.4,82,44,26,12,100,0.61,271,238,2,3,0.38,-0.01,6.21,203,178,56,228,24.56,45,222,79.73,12,15,8.4,8,2731,9.9,2729,0.913,7,7.6,0.935,101.2,3919,3964,49.7,2957,2943,50.1,196.8,179.2,182,150,14,1812,1666,52.1,420,361,53.8,61,12.7,43,10.6,2019
St. Louis Blues*,28,82,45,28,9,99,0.604,244,220,3,3,0.28,-0.01,5.66,189,170,50,237,21.1,43,232,81.47,5,7,7.6,8.2,2604,9.4,2345,0.906,9,7.5,0.927,100.2,3718,3501,51.5,2786,2571,52,196.5,165.8,167,147,-11,1759,1608,52.2,385,305,55.8,59,13.3,59,16.2,2019
Winnipeg Jets*,26.6,82,47,30,5,99,0.604,270,243,2,1,0.33,-0.02,6.26,198,184,62,250,24.8,52,250,79.2,10,7,9.3,8.7,2557,10.6,2741,0.911,3,7.8,0.929,100.6,3693,3853,48.9,2761,2900,48.8,168.2,178.7,168,163,16,1528,1675,47.7,337,386,46.6,66,16.4,69,15.2,2019
Carolina Hurricanes*,26.8,82,46,29,7,99,0.604,243,221,2,2,0.26,-0.01,5.66,191,169,44,247,17.81,44,239,81.59,8,8,7.5,8.7,2822,8.6,2343,0.906,6,6.7,0.927,99.4,4276,3528,54.8,3217,2656,54.8,199.2,157.3,161,148,-29,1914,1557,55.1,481,359,57.3,60,11.1,56,13.5,2019
Columbus Blue Jackets*,26.6,82,47,31,4,98,0.598,256,231,2,1,0.31,-0.01,5.94,214,195,34,221,15.38,30,200,85,8,6,6.2,6.8,2592,9.9,2418,0.904,9,8.1,0.922,100.3,3748,3717,50.2,2910,2788,51.1,197.6,189.1,187,170,9,1761,1637,51.8,368,363,50.3,58,13.6,49,11.9,2019
Montreal Canadiens,27.9,82,44,30,8,96,0.585,246,236,3,0,0.16,0,5.88,210,186,31,234,13.25,46,241,80.91,5,4,8.3,8.3,2796,8.8,2548,0.907,4,7.5,0.925,100.1,4362,3694,54.1,3139,2736,53.4,196.9,170.7,188,163,-1,1819,1587,53.4,427,342,55.5,67,13.6,58,14.5,2019
Vegas Golden Knights*,29.2,82,43,32,7,93,0.567,246,228,3,2,0.19,-0.04,5.78,196,182,39,232,16.81,44,230,80.87,11,2,7.1,7.2,2814,8.7,2399,0.905,9,7.2,0.922,99.4,4184,3515,54.3,3068,2595,54.2,201.2,171.9,173,162,-18,1878,1561,54.6,455,359,55.9,72,13.7,60,14.3,2019
Dallas Stars*,28.3,82,43,32,7,93,0.567,209,200,1,2,0.09,0,4.99,160,157,45,214,21.03,41,238,82.77,4,2,7.7,7.3,2519,8.3,2591,0.923,10,6.4,0.939,100.3,3632,3887,48.3,2664,2836,48.4,182.5,175.4,136,134,-5,1687,1604,51.3,410,341,54.6,57,12.2,44,11.4,2019
Colorado Avalanche*,27,82,38,30,14,90,0.549,258,244,2,2,0.17,-0.01,6.12,186,181,63,286,22.03,58,272,78.68,9,5,9.4,9.6,2676,9.6,2619,0.907,5,7.1,0.928,99.9,3695,3716,49.9,2727,2701,50.2,181.9,177,157,154,-2,1692,1598,51.4,363,382,48.7,63,14.8,63,14.2,2019
Florida Panthers,28,82,36,32,14,86,0.524,264,273,3,7,-0.14,0.02,6.55,189,217,72,269,26.77,43,230,81.3,3,13,8.4,9.2,2705,9.8,2516,0.891,1,7.3,0.914,98.7,3642,3730,49.4,2792,2795,50,169.9,181.7,162,190,-16,1581,1630,49.2,315,393,44.5,69,18,68,14.8,2019
Arizona Coyotes,27.2,82,39,35,8,86,0.524,209,220,4,3,-0.14,-0.02,5.23,151,177,42,258,16.28,34,226,84.96,16,9,7.1,8.2,2522,8.3,2526,0.913,6,6.2,0.927,99,3738,3908,48.9,2769,2837,49.4,165,177.2,132,157,-13,1587,1683,48.5,387,400,49.2,33,7.9,66,14.2,2019
Chicago Blackhawks,28.5,82,36,34,12,84,0.512,267,291,3,1,-0.25,0.02,6.8,213,221,48,238,20.17,63,231,72.73,6,7,7.3,7.1,2669,10,2852,0.898,2,7.9,0.925,100.4,3833,3940,49.3,2800,2988,48.4,185.3,219.3,183,185,32,1693,1948,46.5,320,486,39.7,52,14,83,14.6,2019
Minnesota Wild,29.5,82,37,36,9,83,0.506,210,233,1,4,-0.3,0.02,5.4,156,185,49,241,20.33,44,240,81.67,5,4,8,8.5,2567,8.2,2419,0.904,2,6.4,0.923,98.6,3812,3670,50.9,2868,2662,51.9,173.2,149.2,141,156,-39,1666,1409,54.2,373,281,57,50,11.8,47,14.3,2019
Philadelphia Flyers,26.6,82,37,37,8,82,0.5,241,280,3,1,-0.42,0.03,6.35,197,218,40,234,17.09,51,237,78.48,4,11,8.9,8.3,2583,9.3,2665,0.895,3,7.7,0.917,99.4,3698,3939,48.4,2739,2863,48.9,169.1,176.2,165,191,-19,1539,1635,48.5,377,384,49.5,84,18.2,67,14.9,2019
Vancouver Canucks,26.9,82,35,36,11,81,0.494,219,248,6,6,-0.35,0.01,5.7,169,192,43,251,17.13,48,254,81.1,7,8,8.8,8.7,2433,9,2597,0.905,1,7.2,0.923,99.5,3553,3863,47.9,2651,2867,48,159.6,190.4,146,175,2,1543,1839,45.6,314,393,44.4,43,12,73,15.7,2019
Anaheim Ducks,27.5,82,35,37,10,80,0.488,196,248,3,3,-0.63,0.01,5.41,155,183,36,212,16.98,55,271,79.7,5,10,9,7.2,2271,8.6,2725,0.909,4,6.9,0.931,99.9,3595,3957,47.6,2672,2984,47.2,157,196.8,136,154,22,1554,1887,45.2,316,439,41.9,40,11.2,64,12.7,2019
Edmonton Oilers,27.2,82,35,38,9,79,0.482,229,271,3,3,-0.51,0.01,6.1,172,202,47,222,21.17,62,246,74.8,10,7,9.2,7.7,2392,9.6,2599,0.896,5,7.1,0.921,99.3,3552,3850,48,2629,2876,47.8,171.7,178.5,146,179,-26,1596,1707,48.3,341,387,46.8,53,13.5,58,13,2019
New York Rangers,27.4,82,32,36,14,78,0.476,221,267,6,5,-0.52,0.03,5.95,170,205,44,227,19.38,58,266,78.2,7,4,10.4,8.5,2393,9.2,2774,0.904,2,7.2,0.925,99.7,3384,3960,46.1,2566,2969,46.4,176.8,195.4,145,173,-9,1552,1850,45.6,373,407,47.8,59,13.7,61,13,2019
Buffalo Sabres,26.6,82,33,39,10,76,0.463,221,268,5,3,-0.51,0.04,5.96,172,218,46,236,19.49,41,215,80.93,3,9,7,7.5,2697,8.2,2704,0.901,2,6.7,0.922,98.9,3754,3759,50,2913,2934,49.8,173.7,192.5,154,185,-12,1612,1720,48.4,319,357,47.2,56,14.9,61,14.6,2019
Detroit Red Wings,29.3,82,32,40,10,74,0.451,224,272,3,5,-0.57,0.04,6.05,178,209,39,216,18.06,56,245,77.14,7,7,7.9,7.3,2394,9.4,2761,0.901,2,7.2,0.925,99.8,3505,3937,47.1,2606,3024,46.3,168,201.8,147,178,3,1626,1811,47.3,318,417,43.3,53,14.3,57,12,2019
New Jersey Devils,27.5,82,31,41,10,72,0.439,219,271,3,4,-0.61,0.04,5.98,164,221,45,254,17.72,40,255,84.31,10,10,9.1,9,2488,8.8,2592,0.895,6,7.1,0.918,98.9,3386,3836,46.9,2632,2910,47.5,168.8,175.8,147,184,-30,1507,1627,48.1,336,321,51.1,61,15.4,62,16.2,2019
Los Angeles Kings,29.3,82,31,42,9,71,0.433,199,259,3,4,-0.73,0.02,5.59,160,192,35,221,15.84,54,230,76.52,4,13,8.1,8,2358,8.4,2578,0.9,5,7,0.924,99.4,3623,3911,48.1,2675,2939,47.6,155.4,175.8,141,170,-9,1588,1719,48,331,345,49,41,11,56,14,2019
Ottawa Senators,27.3,82,29,47,6,64,0.39,242,301,0,1,-0.69,0.05,6.62,192,248,46,226,20.35,45,216,79.17,4,8,8.5,8.3,2429,10,2931,0.897,4,8.1,0.915,99.6,3612,4422,45,2717,3251,45.5,169.8,198.4,172,219,-18,1546,1827,45.8,375,422,47.1,62,14.2,73,14.7,2019
